Office Code,Office Name,Office Name in Bangla,Office Address,Mobile,Email,is Payment office,Payment office Code
100,Office of tha Chairman,"চেয়ারম্যানের দপ্তর, বিউবো, ঢাকা","OFFICE OF THE CHAIRMAN, WAPDA BHABAN, MOTIJHEEL, DHAKA",,,FALSE,140
101,Board Secretariat,"বোর্ড সচিবালয়, বিউবো, ঢাকা","WAPDA BHABAN, MOTIJHEEL, DHAKA-1000",,,FALSE,140
102,Contract and Consultant Administration,"চুক্তি ও উপদেষ্টা প্রশাসন, বিউবো, ঢাকা","Biddut Bhaban, 1 No. Abdul Gani Road, Dhaka-1000.",,,FALSE,139
103,Document Centre,"ডকুমেন্ট সেন্টার, বিউবো, ঢাকা","Biddut Bhaban(13th Floor), 1 No. Abdul Gani Road, Dhaka-1000.",,,FALSE,140
104,Directorate of Public Relations,"পরিচালক, জনসংযোগ পরিদপ্তর, বিউবো, ঢাকা","WAPDA Bhaban(10th Floor), Motijheel, Dhaka-1000.",,,FALSE,140
105,"Central Printing Press, Dhaka","কেন্দ্রীয় ছাপাখানা, বিউবো, ঢাকা","WAPDA Auditorium Bhaban(Ground Floor), Motijheel, Dhaka",,,FALSE,140
106,"Office of the Member, Administration","সদস্য (প্রশাসন) এর দপ্তর, বিউবো, ঢাকা","WAPDA Bhaban(1st Floor), Motijheel, Dhaka-1000.",,,FALSE,140
107,"General Manager, Training","মহাব্যবস্থাপক, প্রশিক্ষণ, বিউবো, ঢাকা","Biddut Bhaban(9th Floor), 1 No. Abdul Gani Road, Dhaka-1000",,,FALSE,139
108,"Directorate of Training and Career Development, Dhaka","প্রশিক্ষণ ও পেশা উন্নয়ন পরিদপ্তর, বিউবো, ঢাকা","Biddut Bhaban(9th Floor), 1 No. Abdul Gani Road, Dhaka",,,FALSE,139
109,"Engineering Academy, Kaptai","প্রকৌশল একাডেমি, বিউবো, কাপ্তাই","ENGINEERING ACADEMY, KAPTAI, Chittagong",,,FALSE,160
110,"Training Academy, Cox's Bazar","প্রশিক্ষণ একাডেমি, বিউবো, কক্সবাজার","TRAINING ACADEMY, Zilonja, COX'S BAZAR",,,FALSE,141
111,"Chittagong Training Centre, Chittagong","চট্টগ্রাম প্রশিক্ষণ কেন্দ্র, বিউবো, চট্টগ্রাম","Foyzlake, Khulshi, Chittagong",,,FALSE,141
112,"Training Centre, Rajshahi","রাজশাহী প্রশিক্ষণ কেন্দ্র, বিউবো, রাজশাহী","RAJSHAHI TRAINING CENTER, Rajshahi",,,FALSE,1026
113,"Training Centre, Ghorashal","ঘোড়াশাল প্রশিক্ষণ কেন্দ্র, বিউবো, ঘোড়াশাল","GHORASAL TRAINING CENTER, Palash, Narsindhi",,,FALSE,157
114,"Regional Training Centre, Tongi","টঙ্গী আঞ্চলিক প্রশিক্ষণ কেন্দ্র, বিউবো, টঙ্গী, গাজীপুর","TONGI, Gazipur",,,FALSE,487
116,Directorate of Personnel,"কর্মচারী পরিদপ্তর, বিউবো, ঢাকা","WAPDA Bhaba(4th Floor), Motijheel, Dhaka-1000",,,FALSE,140
117,Directorate of Labour and Welfare,"শ্রম ও কল্যাণ পরিদপ্তর, বিউবো, ঢাকা","WAPDA Bhaban(9th/10th Floor), Motijheel, Dhaka",,,FALSE,140
118,Trustee Board,"ট্রাস্ট্রি বোর্ড, বিউবো, ঢাকা","1 No. Abdul Goni Road, Biddyut Bhaban (12 Floor), Dhaka-1000",,,FALSE,140
119,Directorate of Enquiry and Descipline,"তদন্ত ও শৃঙ্খলা পরিদপ্তর, বিউবো, ঢাকা","Wapda Bhaban (9th Fl), Motijhee, Dhaka-1000",,,FALSE,140
120,Directorate of Estate and Transport,"সম্পত্তি ও যানবাহন পরিদপ্তর, বিউবো, ঢাকা","Wapda Bhaban (1st Fl), Motijheel, Dhaka-1000",,,FALSE,140
121,Directorate of Organization and Method,"সংগঠন ও পদ্ধতি পরিদপ্তর, বিউবো, ঢাকা","Biddyut Bhaban (9th Fl), 1 No Abdul Goni Rd. Dhaka-1000",,,FALSE,139
122,Directorate of Security and Investigation,"নিরাপত্তা ও অনুসন্ধান পরিদপ্তর, বিউবো, ঢাকা","Wapda Bhaban (1st Fl), Motijheel C/A. Dhaka-1000",,,FALSE,140
133,"Office of the Member, Finance","সদস্য (অর্থ) এর দপ্তর, বিউবো , ঢাকা","Wapda Building (1st fl), Motijheel C/A. Dhaka-1000",,,FALSE,140
134,"Controller, Accounts and Finance","নিয়ন্ত্রক, হিসাব ও অর্থ এর দপ্তর, বিউবো, ঢাকা","Biddut Bhabon, (6th Flour), 1 No. Abdul Goni Road, Dhaka-1000",,,FALSE,140
135,Directorate of Finance,"অর্থ পরিদপ্তর, বিউবো, ঢাকা","Biddut Bhabon (6th Flour), 1 No. Abdul Goni Road, Dhaka-1000",,,FALSE,140
136,Directorate of Audit,"অডিট পরিদপ্তর, বিউবো, ঢাকা","Biddut Bhabon (13th Flour) 1 No Abdul Goni Road, Dhaka-1000",,,FALSE,140
137,Directorate of Purchase," ক্রয় পরিদপ্তর, বিউবো, ঢাকা","Wapda Building (9th Fl.), Motijheel C/A., Dhaka-1000",,,FALSE,140
138,Directorate of Accounts,"হিসাব পরিদপ্তর, বিউবো, ঢাকা","Biddut Bhabon(7th Flour) 1 No. Abdul Goni Road, Dhaka-1000",,,FALSE,139
139,"RAO, P&CO, Dhaka","আহিদ, পিএন্ডসিও, বিউবো, ঢাকা","Biddut Bhabon (7th FLOUR) 1 No. Abdul Goni Road, Dhaka-1000",,,TRUE,139
140,COOAC,"কেন্দ্রীয় উপরিখাত দপ্তর হিসাব সেল (কোয়াক), বিউবো, ঢাকা","153, Roni House (3rd & 4th Floor), Motijheel C/A, Dhaka-1000",,,TRUE,140
141,"RAO, P&D, Chittagong","আহিদ, পিএন্ডডি, বিউবো, চট্টগ্রাম","Biddut Bhabon, Agrabad Chittagong.",,,TRUE,141
142,"RAO, CES, Chittagong","আহিদ, সিইএস, বিউবো, চট্টগ্রাম","Biddut bhabon (4th Flour) Agrabad, Chittagong",,,TRUE,142
143,"RAO, Tangail","আহিদ, বিউবো, টাঙাইল।",RAO Tangail,,,TRUE,143
144,"RAO, BPDB, Mymensingh","আহিদ, বিউবো, ময়মনসিংহ।","137, Ganga Das Guha Road, Batirkol, Bidyut Bhaban, PDB, Mymensingh.",,,TRUE,144
145,"RAO, Shambhugonj, Mymensingh","আহিদ, বিউবো, শম্ভুগঞ্জ, ময়মনসিংহ","Resonal Accounting Office, Shambhugonj, Mymensingh",,,TRUE,145
147,"RAO, Comilla","আহিদ, বিউবো, কুমিল্লা","BPDB, Jangalia, Comilla",,,TRUE,147
148,"RAO, Noakhali","আহিদ, বিউবো, নোয়াখালী","BPDB,Noakhali",,,TRUE,148
149,"RAO, Sylhet","আহিদ, বিউবো, সিলেট","RAO, Sylhet",,,TRUE,149
150,"RAO, Rangpur Power Station","আহিদ, বিউবো, রংপুর","Rao, BPDB, Rangpur",,,TRUE,150
152,"Deputy Director (Accts), RAO, Power Station, Barishal","আহিদ, বিউবো, বরিশাল","Dapdapia, Rupatali, Barishal",,,TRUE,152
154,"RAO, Chittagong Power Station, Raozan","আহিদ, চট্টগ্রাম বিদ্যুৎ কেন্দ্র, বিউবো, চট্টগ্রাম","ROWJAN, CHITTAGONG",,,TRUE,154
156,"RAO, Siddhiganj Power Station","আহিদ, সিদ্ধিরগঞ্জ বিদ্যুৎ কেন্দ্র, বিউবো, সিদ্ধিরগঞ্জ, নারায়নগঞ্জ","SIDDHIRGANJ, Narayangonj",,,TRUE,156
157,"RAO, Ghorashal Power Station","আহিদ, ঘোড়াশাল বিদ্যুৎ কেন্দ্র, বিউবো, পলাশ, নরসিংদী","Palash, Norsingdi",,,TRUE,157
158,"RAO, Shahjibazar Power Station","আহিদ, শাহজিবাজার বিদ্যুৎ কেন্দ্র, বিউবো, শাহজিবাজার","RAO, Shahjibazar, Power Station, Hobiganj, Sylhet",,,TRUE,158
159,"RAO, Shikalbaha Power Station","আহিদ, শিকলবাহা বিদ্যুৎ কেন্দ্র, বিউবো, চট্টগ্রাম","SIKALBAHA, CHITTAGONG",,,TRUE,159
160,"RAO, Kaptai Power Station","আহিদ, কাপ্তাই বিদ্যুৎ কেন্দ্র, বিউবো, কাপ্তাই","Kaptai, Rangamati",,,TRUE,160
161,"RAO, Bheramara Power Station","আহিদ, ভেড়ামারা বিদ্যুৎ কেন্দ্র, বিউবো, কুষ্টিয়া","Beramara, Kustia",,,TRUE,161
162,"RAO, Khulna Power Station","আহিদ, খুলনা বিদ্যুৎ কেন্দ্র, বিউবো, খুলনা","Rao, Khulna, Power Station, BPDB Khulna",,,FALSE,160
163,"RAO, Fenchuganj Power Station","আহিদ, ফেঞ্চুগঞ্জ বিদ্যুৎ কেন্দ্র, বিউবো, সিলেট ","FENCHUGONJ,SYLHET",,,TRUE,163
164,"RAO, Baghabari Power Station","আহিদ, বাঘাবাড়ী বিদ্যুৎ কেন্দ্র, বিউবো, সিরাজগঞ্জ","BAGHABARI, SIRAJGONJ",,,TRUE,164
165,"RAO, Barapukuria Power Station","আহিদ, বড়পুকুরিয়া কয়লা ভিত্তিক তাপ বিদ্যুৎ কেন্দ্র, বিউবো, দিনাজপুর","BARAPUKURIA,DINAJPUR",,,TRUE,165
166,"Office of the Member, Generation","সদস্য (উৎপাদন) এর দপ্তর, বিউবো, ঢাকা","WAPDA Bhaban, Motijheel C/A, (First Floor)",,,FALSE,140
167,"Chief Engineer, Generation","প্রধান প্রকৌশলী (উৎপাদন) এর দপ্তর, বিউবো, ঢাকা","WAPDA Bhaban(2nd Floor), Motijheel C/A, Dhaka-1000",,,FALSE,140
169,Tongi 80 MW Power Station,"টঙ্গী ৮০ মেঃওঃ গ্যাস টারবাইন বিদ্যুৎ কেন্দ্র, বিউবো, টঙ্গী, গাজীপুর","Tongi, Gazipur",,,FALSE,487
170,Shahjibazar 60 MW Power Station,"শাহজিবাজার ৬০ মেঃওঃ বিদ্যুৎ কেন্দ্র, বিউবো, শাহজিবাজার ","Shahjibazar, Hobigonj",,,FALSE,158
171,"Fenchuganj 90 MW CCPS, Unit-1","ফেঞ্চুগঞ্জ ৯০ মেঃওঃ সিসিপিপি বিদ্যুৎ কেন্দ্র, ইউনিট-১, বিউবো, ফেঞ্চুগঞ্জ, সিলেট","Fenchuganj, Sylhet",,,FALSE,163
172,Sylhet 225 MW Combined Cycle Power Station,"সিলেট ২২৫ মেঃওঃ বিদ্যুৎ কেন্দ্র, বিউবো, কুমারগাঁও, সিলেট","Kumargaon, Sylhet",,,FALSE,149
173,"Sylhet 20 MW Power Station,Kumargaon","সিলেট ২০ মেঃওঃ বিদ্যুৎ কেন্দ্র, বিউবো, কুমারগাঁও, সিলেট","Kumargaon, Sylhet",,,FALSE,149
174,Katakhali 50 MW Peaking Power Station,"কাটাখালী ৫০ মেঃওঃ পিকিং বিদ্যুৎ কেন্দ্র, বিউবো, কাটাখালী, রাজশাহী","Katakhali, Rajshahi",,,FALSE,1026
175,Santahar 50 MW Peaking Power Station,"সান্তাহার ৫০ মেঃওঃ পিকিং বিদ্যুৎ কেন্দ্র, বিউবো, সান্তাহার, বগুড়া","Shanataher, College Road, Amdighi, Bogra",,,FALSE,1026
176,Syedpur 20 MW GT Power Station,"সৈয়দপুর ২০ মেঃওঃ বিদ্যুৎ কেন্দ্র, বিউবো, সৈয়দপুর, নিলফামারি","Sayedpur, Nilfamari",,,FALSE,150
177,Office of the  Rangpur Gas Turbine Power Station,"রংপুর ২০ মেঃওঃ বিদ্যুৎ কেন্দ্র, বিউবো, রংপুর",Rangpur,,,FALSE,150
178,Baghabari Power Station,"বাঘাবাড়ী বিদ্যুৎ কেন্দ্র, বিউবো, বাঘবাড়ী, সিরাজগঞ্জ","Baghabari, Sirajgonj",,,FALSE,164
179,Baghabari 50 MW Peaking Power Plant,বাঘাবাড়ী ৫০ মেঃওঃ পিকিং বিদ্যুৎ কেন্দ্র,"Baghabari, Sirajgonj",,,FALSE,164
180,Bheramara 20 MW Power Station," ভেড়ামারা ২০ মেঃওঃ বিদ্যুৎ কেন্দ্র, বিউবো, ভেড়ামারা, কুষ্টিয়া","Bheramara, Kustia",,,FALSE,161
181,Bera 70 MW Power Station,"বেড়া ৭০ মেঃওঃ পিকিং বিদ্যুৎ কেন্দ্র, বিউবো, বেড়া, পাবনা","Bhera, Pabna",,,FALSE,164
184,Bhola Diesel Power Station,"ভোলা ডিজেল বিদ্যুৎ কেন্দ্র, বিউবো, ভোলা",Bhola,,,FALSE,1027
185,Titas(Daudkandi) 50 MW Peaking Power Plant,"তিতাস ৫০ মেঃওঃ পিকিং বিদ্যুৎ কেন্দ্র, বিউবো, কুমিল্লা","Titas, Daudkandi, Comilla",,,FALSE,156
186,Chandpur 150 MW Power Station,"চাঁদপুর ১৫০ মেঃওঃ বিদ্যুৎ কেন্দ্র, বিউবো, চাঁদপুর","Bpdb, Chandpur.]",,,FALSE,568
187,"Chief Engineer, Chittagong Power Station, Rawjan, Chittagong.","প্রধান প্রকৌশলীর দপ্তর, চট্টগ্রাম বিদ্যুৎ কেন্দ্র, রাউজান, চট্টগ্রাম","Rowzan, Chittagong.",,,FALSE,154
188,Hathazari 100 MW Peaking Power Plant,"হাটহাজারি ১০০ মেঃওঃ পিকিং বিদ্যুৎ কেন্দ্র, বিউবো, চট্টগ্রাম","Hathazari, Chittagong",,,FALSE,154
189,Dohazari-Kalias 100 MW Peaking Power Plant,দোহাজারী-কালিয়াইশ ১০০ মেঃওঃ পিকিং বিদ্যুৎ কেন্দ্র,"Dohajari, Chittagong",,,FALSE,159
190,"Kornafuly Hydro Power Station, Kaptai","কর্ণফুলী পানি বিদ্যুৎ কেদ্র, বিউবো, কাপ্তাই","Kaptai, Rangamati.",,,FALSE,160
191,Shikalbaha 60 MW Power Station,"শিকলবাহা ৬০ মেঃওঃ বিদ্যুৎ কেন্দ্র, বিউবো, চট্টগ্রাম","Sikalbaha, Chittagong",,,FALSE,159
192,Shikalbaha 150 MW Peaking Power Station,"শিকলবাহা ১৫০ মেঃওঃ পিকিং বিদ্যুৎ কেন্দ্র, বিউবো, চট্টগ্রাম","Sikalbaha, Chittagong",,,FALSE,159
193,"Chief Engineer, Ghorashal Power Station","প্রধান প্রকৌশলীর দপ্তর, ঘোড়াশাল বিদ্যুৎ কেন্দ্র, বিউবো, পলাশ, নরসিংদী","Palash, Narshingdi.",,,FALSE,157
194,Khulna Power Station,"খুলনা বিদ্যুৎ কেন্দ্র, বিউবো, খালিশপুর, খুলনা","GOALPARA, KHALISHPUR, KHULNA.",,,FALSE,160
195,Gopalganj 100 MW Peaking Power Station,"গোপালগঞ্জ ১০০ মেঃওঃ পিকিং বিদ্যুৎ কেন্দ্র, বিউবো, গোপালগঞ্জ",Gopalgonj.,,,FALSE,160
196,Faridpur 50 MW Peaking Power Station,"ফরিদপুর ৫০ মেঃওঃ পিকিং বিদ্যুৎ কেন্দ্র, বিউবো, ফরিদপুর",Faridpur,,,FALSE,160
197,"Manager(Maintenance), Khulna Power Station",,Khulna Power Station,,,FALSE,162
198,"Chief Engineer, Barapukuria Coal Based Power Station","প্রধান প্রকৌশলীর দপ্তর, বড়পুকুরিয়া কয়লা ভিত্তিক তাপ বিদ্যুৎ কেন্দ্র, বিউবো, দিনাজপুর","Barapukuria, Parbatipur, Dinajpur",,,FALSE,165
199,"Office of the Member, Distribution","সদস্য (বিতরণ) এর দপ্তর, বিউবো, ঢাকা","Wapda Buidling (1st Fl), Motijheel C/A. Dhaka-1000",,,FALSE,140
200,"OFFICE OF THE O&M CIRCLE-2, MYMENSINGH","তত্ত্বাবধায়ক প্রকৌশলীর দপ্তর, পরিচালন ও সংরক্ষণ সার্কেল-২, বিউবো, ময়মনসিংহ","Wapda Bhaban (1st Fl), Kewatlhali, Mymensingh",,,FALSE,145
201,"Chief Engineer, Southern Zone, Chittagong","প্রধান প্রকৌশলীর দপ্তর, বিতরণ (দক্ষিণাঞ্চল), চট্টগ্রাম ","Biddhut Bhaban, Agrtabad, CHITTAGONG",,,FALSE,141
202,"Manager(Operation), Khulna Power Station",,Khulna Power Station,,,FALSE,162
203,"Computer Centre, Chittagong","কম্পিউটার সেন্টার, বিউবো, চট্টগ্রাম","Biddyut Bhaban,(4th fl) Agrabad, Chittagong",,,FALSE,142
204,"O&M Circle, Chattro-Metro (East)","পরিচালন ও সংরক্ষণ সার্কেল, চট্টমেট্টো (পূর্ব), বিউবো, চট্টগ্রাম","Biddyut Bhaban, Agrabad,  CHITTAGONG",,,FALSE,142
205,"Sales and Distribution Division, Kalurghat","বিক্রয় ও বিতরণ বিভাগ, কালুরঘাট, বিউবো, চট্টগ্রাম","BFICD Road,Kalurghat Heavy C/A, Chandgaon, Ctg.",,,FALSE,142
206,"Sales and Distribution Division, Patharghata","বিক্রয় ও বিতরণ বিভাগ, পাথরঘাটা, বিউবো, চট্টগ্রাম","Riazuddin Bazar, Chittagong",,,FALSE,142
207,"Sales and Distribution Division, Stadium","বিক্রয় ও বিতরণ বিভাগ, স্টেডিয়াম, বিউবো, চট্টগ্রাম","Neval Avenue, Chittagong.",,,FALSE,142
209,"Sales and Distribution Division, Bakulia","বিক্রয় ও বিতরণ বিভাগ, বাকুলিয়া, বিউবো, চট্টগ্রাম","Sayed Shah Road, Chittagong.",,,FALSE,142
210,"Sales and Distribution Division, Madarbari","বিক্রয় ও বিতরণ বিভাগ, মাদারবাড়ী, বিউবো, চট্টগ্রাম","Riazudin Bazar, Station Road,Chittagong.",,,FALSE,142
211,"O&M Circle,Chattro-Metro (West)","পরিচালন ও সংরক্ষণ সার্কেল, চট্টমেট্রো (পশ্চিম), বিউবো, চট্টগ্রাম","Biddyut Bhaban (4th Floor), Agrabad, Chittagong.",,,FALSE,142
212,"Sales and Distribution Division, Agrabad","বিক্রয় ও বিতরণ বিভাগ, আগ্রাবাদ, বিউবো, চট্টগ্রাম","Agrabad Commercial Area, Chittagong.",,,FALSE,142
213,"Sales and Distribution Division, Khulshi","বিক্রয় ও বিতরণ বিভাগ, খুলশী, বিউবো, চট্টগ্রাম","Baiozid Bostami road, Nasirabad, Chittagong.",,,FALSE,142
214,"Sales and Distribution Division, Pahartoli","বিক্রয় ও বিতরণ বিভাগ, পাহাড়তলী, বিউবো, চট্টগ্রাম","A.K.Khan Gate, Pahartali, Chittagong.",,,FALSE,142
215,"Sales and Distribution Division, Halishahar","বিক্রয় ও বিতরণ বিভাগ, হালিশহর, বিউবো, চট্টগ্রাম","Newmuring,Nayerhat,South Halishohor, Chittagong.",,,FALSE,142
216,"Sales and Distribution Division, Newmooring","বিক্রয় ও বিতরণ বিভাগ, নিউমুরিং, বিউবো, চট্টগ্রাম","Nayerhat, Newmooring, South Halisohor, Chittagong.",,,FALSE,142
217,"Sales and Distribution Division, Rampur","বিক্রয় ও বিতরণ বিভাগ, রামপুর, বিউবো, চট্টগ্রাম","P.C Road, Wapda Mor, Halishahar, Chittagong.",,,FALSE,142
218,"O&M Circle, Chittagong (North)","পওস সার্কেল, চট্টগ্রাম (উত্তর),  বিউবো, চট্টগ্রাম","Biddhut Bhaban(3rd floor),Agrabad, Chittagong.",,,FALSE,141
219,"Sales and Distribution Division, Fauzderhat","বিক্রয় ও বিতরণ বিভাগ, ফৌজদারহাট, বিউবো, চট্টগ্রাম","Fouzderhat,Pdb, Chittagong",,,FALSE,141
220,"ESU, Sandwip","সন্দ্বীপ বিদ্যুৎ সরবরাহ, বিউবো, চট্টগ্রাম","Shandip, Bpdb.Ctg",,,FALSE,141
221,"Sales and Distribution Division, Barabkunda","বিক্রয় ও বিতরণ বিভাগ, বাড়বকুন্ড, বিউবো, চট্টগ্রাম","Shitakunda, Chittagong.",,,FALSE,141
222,"Sales and Distribution Division, Hathazari","বিক্রয় ও বিতরণ বিভাগ, হাটহাজারী, বিউবো, চট্টগ্রাম","Hathazari, Chittagong.",,,FALSE,141
223,"Sales and Distribution Division, Mohora","বিক্রয় ও বিতরণ বিভাগ, বিউবো, মোহরা, চট্টগ্রাম","A.K.khan Gate, Kaptai Road, Chittagong.",,,FALSE,141
224,"O&M Circle, Chittagong (South)","পওস সার্কেল, চট্টগ্রাম (দক্ষিণ), বিউবো, চট্টগ্রাম","Biddyut Bhaban (2nd floor) Agrabad, Chittagong.",,,FALSE,141
225,"Distribution Division,Patiya","বিতরণ বিভাগ, পটিয়া, বিউবো, চট্টগ্রাম","Patiya, Bpdb, Chittagong.",,,FALSE,141
226,"ESU, Satkania","সাতকানিয়া বিদ্যুৎ সরবরাহ, বিউবো, চট্টগ্রাম","Satkania, Bpdb. Chittagong.",,,FALSE,141
227,"ESU, Dohazari","দোহাজারী বিদ্যুৎ সরবরাহ, বিউবো, চট্টগ্রাম","Dohazari, Bpdb. Chittagong.",,,FALSE,141
228,"Distribution Division,Cox's Bazar","বিতরণ বিভাগ, বিউবো, কক্সবাজার","Biddyut Bhaban, Cox's Bazar",,,FALSE,141
229,Sales & Distribution Division Chokoria coxs Bazar,"বিক্রয় ও বিতরণ বিভাগ-চকরিয়া বিউবো, কক্সবাজার","Chokoria, Bpdb, Cox's Bazar",,,FALSE,141
230,"ESU, Ramu","রামু বিদ্যুৎ সরবরাহ, বিউবো, কক্সবাজার","Ramu, Bpdb,Cox's Bazar",,,FALSE,141
231,"ESU, Lama","লামা বিদ্যুৎ সরবরাহ, বিউবো, কক্সবাজার","Lama, Bpdb.Cox's Bazar",,,FALSE,141
232,"ESU, Kutubdia","কুতুবদিয়া বিদ্যুৎ সরবরাহ, বিউবো, কক্সবাজার","Kutubdia, Cox's Bazar",,,FALSE,141
233,"O&M Circle, Rangamati","পরিচালন ও সংরক্ষণ সার্কেল, বিউবো, রাঙ্গামাটি","Vedvedi, Rangamati.",,,FALSE,141
234,"Distribution Division, Rangamati","বিতরণ বিভাগ, বিউবো, রাঙ্গামাটি","Vedvedi, Rangamati.",,,FALSE,141
235,"ESU, Kaptai","কাপ্তাই বিদ্যুৎ সরবরাহ, বিউবো, রাঙ্গামাটি","Kaptai, Rangamati.",,,FALSE,160
236,"ESU, Betbunia","বেতবুনিয়া বিদ্যুৎ সরবরাহ, বিউবো, রাঙ্গামাটি","Betbunia,Bpdb,Rangamati",,,FALSE,141
237,"ESU, Marissha, Rangamati","মারিশ্যা বিদ্যুৎ সরবরাহ, বিউবো, রাঙ্গামাটি","Marishwa, Bpdb, Rangamati",,,FALSE,141
238,"Distribution Division,Khagrachari","বিতরণ বিভাগ, বিউবো, খাগড়াছড়ি",Khagrachari,,,FALSE,141
239,"ESU, Ramgarh,Khagrachari","রামগড় বিদ্যুৎ সরবরাহ, বিউবো, খাগড়াছড়ি","Ramgarh, Khagrachhori",,,FALSE,141
240,"ESU, Matiranga,Khagrachari","মাটিরাঙ্গা বিদ্যুৎ সরবরাহ, বিউবো, খাগড়াছড়ি","Matiranga, Khagrachhori",,,FALSE,141
241,"ESU, Manikchari,Khagrachari","মানিকছড়ি বিদ্যুৎ সরবরাহ, বিউবো, খাগড়াছড়ি","Manikchari, Khagrachari",,,FALSE,141
242,"ESU, Mohalchari,Khagrachari","মহালছড়ি বিদ্যুৎ সরবরাহ, বিউবো, খাগড়াছড়ি","Mahalchari, Khagrachari",,,FALSE,141
243,"ESU, Dighinala,Khagrachari","দিঘীনালা বিদ্যুৎ সরবরাহ, বিউবো, খাগড়াছড়ি","Dighinala, Khagrachari",,,FALSE,141
244,"Distribution Division, Bandarban","বিতরণ বিভাগ, বিউবো, বান্দরবান",Bandarban,,,FALSE,141
249,"Chief Engineer, Distribution Zone, Comilla","প্রধান প্রকৌশলীর দপ্তর, বিতরণ, কুমিল্লা অঞ্চল","Biddyut Bhaban,Jangalia, Comilla",,,FALSE,147
250,"Computer Centre, Comilla","কম্পিউটার সেন্টার, বিউবো, কুমিল্লা","Jangalia, Biddyut Bhaban, Comilla",,,FALSE,147
251,"O&M Circle, Comilla","পরিচালন ও সংরক্ষণ সার্কেল, বিউবো, কুমিল্লা","Biddyut Bhaban,Jangalia,Comilla",,,FALSE,147
252,"Sales and Distribution Division-1, Comilla","বিক্রয় ও বিতরণ বিভাগ-১, বিউবো, কুমিল্লা","Shashangasa, Comilla",,,FALSE,147
253,"ESU,Burichang, Comilla","বুড়িচং বিদ্যুৎ সরবরাহ, বিউবো, কুমিল্লা","Palpara, Comilla",,,FALSE,147
254,"Sales and Distribution Division-2, Comilla","বিক্রয় ও বিতরণ বিভাগ-২, বিউবো, কুমিল্লা","Balutupa, Comilla",,,FALSE,147
255,"ESU, Chaddagram, Comilla","চৌদ্দগ্রাম বিদ্যুৎ সরবরাহ, বিউবো, কুমিল্লা","Chouddagram, Comilla",,,FALSE,147
256,"Sales and Distribution Division-3, Comilla","বিক্রয় ও বিতরণ বিভাগ-৩, বিউবো, কুমিল্লা","Jangali, Comilla",,,FALSE,147
257,"Sales and Distribution Division, Daulatganj","বিক্রয় ও বিতরণ বিভাগ, বিউবো, দৌলতগঞ্জ, কুমিল্লা","Daulatganj, Laksam Comilla",,,FALSE,147
258,"Sales and Distribution Division, Chandpur","বিক্রয় ও বিতরণ বিভাগ, বিউবো, চাঁদপুর","Sales & Distribution Division, Chandpur",,,FALSE,568
259,"Sales and Distribution Division-1, Brahmanbaria","বিক্রয় ও বিতরণ বিভাগ-১, বিউবো, ব্রাহ্মণবাড়িয়া", Brahmanbaria,,,FALSE,147
260,"Sales and Distribution Division, Ashuganj","বিক্রয় ও বিতরণ বিভাগ, বিউবো, আশুগঞ্জ","Ashuganj, B.Baria",,,FALSE,147
261,"Sales and Distribution Division, Sarail","বিক্রয় ও বিতরণ বিভাগ, বিউবো, সরাইল","Sarail, B.Baria",,,FALSE,147
262,"O&M Circle, Noakhali","পরিচালন ও সংরক্ষণ সার্কেল, নোয়াখালী",Noakhali,,,FALSE,148
263,"Distribution Division, Noakhali","বিতরণ বিভাগ, বিউবো, নোয়াখালী",Noakhali,,,FALSE,148
264,"Distribution Division, Feni","বিতরণ বিভাগ, বিউবো, ফেনী",Feni,,,FALSE,148
265,"Sales and Distribution Division, Laxmipur","বিক্রয় ও বিতরণ বিভাগ, বিউবো, লক্ষীপুর",Laxmipur,,,FALSE,148
266,"Sales and Distribution Division, Chaumuhini, Noakhali","বিক্রয় ও বিতরণ বিভাগ, বিউবো, চৌমুহনী, নোয়াখালী","Chowmuhuni, Noakhali",,,FALSE,148
267,"Sales and Distribution Division, Bashurhat, Noakhali.","বিক্রয় ও বিতরণ বিভাগ, বসুরহাট, বিউবো, নোয়াখালী। ","Bashurhat, Noakhali.",,,FALSE,148
268,"Sales and Distribution Division, Hatia"," বিক্রয় ও বিতরণ বিভাগ, বিউবো, হাতিয়া","Hatia, Noakhali",,,FALSE,148
270,"Chief Engineer, Distribution Zone, Sylhet","প্রধান প্রকৌশলীর দপ্তর, বিতরণ অঞ্চল, সিলেট","Biddut Bhaban, Bhagbari, Sylhet",,,FALSE,149
271,"O&M Circle, Sylhet","পরিচালন ও সংরক্ষণ সার্কেল, বিউবো,  সিলেট","Biddut Bhaban, Bhagbari, Sylhet",,,FALSE,149
272,"Sales and Distribution Division-1, Sylhet","বিক্রয় ও বিতরণ বিভাগ-১, বিউবো, সিলেট","Ambarkhana, Sylhet",,,FALSE,149
273,"Sales and Distribution Division-2, Sylhet","বিক্রয় ও বিতরণ বিভাগ-২, বিউবো, সিলেট","Purba Mirabazar, Sylhet",,,FALSE,149
274,"Sales and Distribution Division-3, Sylhet","বিক্রয় ও বিতরণ বিভাগ-৩, বিউবো, সিলেট","Kalapara, Sheikhghat, Sylhet",,,FALSE,149
275,"Sales and Distribution Division-4, Sylhet","বিক্রয় ও বিতরণ বিভাগ-৪, বিউবো, সিলেট","Akhalia, Kumargoan, Sylhet",,,FALSE,149
276,"Sales and Distribution Division, Sunamgonj","বিক্রয় ও বিতরণ বিভাগ, বিউবো, সুনামগঞ্জ",Sunamganj,,,FALSE,149
277,Derai ESU,"দিরাই বিদ্যুৎ সরবরাহ, বিউবো, দিরাই, সুনামগঞ্জ","Derai, Sunamgonj",,,FALSE,149
278,"Sales and Distribution Division, Chatak","বিক্রয় ও বিতরণ বিভাগ, ছাতক,বিউবো, সুনামগঞ্জ","Chatak, Sunamgonj",,,FALSE,149
279,"O&M Circle, Moulavibazar","পরিচালন ও সংরক্ষণ সার্কেল, বিউবো, মৌলভীবাজার","MOULAVI BAZAR SADAR, MOULVIBAZAR",,,FALSE,149
280,"Sales and Distribution Division, Moulavibazar","বিক্রয় ও বিতরণ বিভাগ, বিউবো, মৌলভীবাজার",Moulavi Bazar,,,FALSE,149
281,"Sales and Distribution Division, Hobigonj","বিক্রয় ও বিতরণ বিভাগ, বিউবো, হবিগঞ্জ",Hobiganj,,,FALSE,158
282,"Sales and Distribution Division, Kulaura","বিক্রয় ও বিতরণ বিভাগ, কুলাউড়া, বিউবো, মৌলভীবাজার","Chatalgaon, Kulaura",,,FALSE,149
284,"ESU, Jagannathpur","জগন্নাথপুর বিদ্যুৎ সরবরাহ, বিউবো, সুনামগঞ্জ","Jagannathpur, Sunamganj",,,FALSE,149
285,"ESU, Jaintapur","জৈন্তাপুর বিদ্যুৎ সরবরাহ, বিউবো, সিলেট","Jaintapur,Sylhet",,,FALSE,149
346,"Chief Engineer, Distribution Central Zone, Mymensing","প্রধান প্রকৌশলীর দপ্তর, বিতরণ কেন্দ্রীয় অঞ্চল, বিউবো, ময়মনসিংহ","Kawatkhali, Mymensing",,,FALSE,144
347,"Commercial Operation, Dist Central Zone, Mymensing","বাণিজ্যিক পরিচালন, বিতরণ কেন্দ্রীয় অঞ্চল, বিউবো, ময়মনসিংহ",Mymensingh,,,FALSE,144
348,"O&M Circle-1, Mymensingh","পরিচালন ও সংরক্ষণ সার্কেল-১, বিউবো, ময়মনসিংহ",Mymensingh,,,FALSE,144
349,"Sales and Distribution Division-1, North, Mymensing","বিক্রয় ও বিতরণ বিভাগ-১ (উত্তর), বিউবো, ময়মনসিংহ","Kewatkhali, Mymensingh",,,FALSE,144
350,"ESU,Fulbaria","ফুলবাড়ীয়া বিদ্যুৎ সরবরাহ, বিউবো, ময়মনসিংহ","Fulbaria, Mymensingh",,,FALSE,144
351,"ESU, Muktagacha","মুক্তাগাছা বিদ্যুৎ সরবরাহ, বিউবো, ময়মনসিংহ","Muktagacha, Mymensingh",,,FALSE,144
352,"ESU, Ishwarganj","ঈশ্বরগঞ্জ বিদ্যুৎ সরবরাহ, বিউবো, ময়মনসিংহ","Iswarganj, Mymensingh",,,FALSE,145
353,"ESU, Gauripur","গৌরীপুর বিদ্যুৎ সরবরাহ, বিউবো, ময়মনসিংহ","Gouripur, Mymensingh",,,FALSE,145
354,"Sales and Distribution Division, Fulpur","বিক্রয় ও বিতরণ বিভাগ, ফুলপুর, বিউবো, ময়মনসিংহ","Fulpur, Mymensingh",,,FALSE,145
355,"ESU, Haluaghat, Fulpur","হালুয়াঘাট বিদ্যুৎ সরবরাহ, বিউবো, ময়মনসিংহ","Haluaghat, Mymensingh",,,FALSE,145
356,"Sales and Distribution Division-2, South, Mymensingh","বিক্রয় ও বিতরণ বিভাগ-২ (দক্ষিণ), বিউবো, ময়মনসিংহ","22 J.C. Guho Road, Mymensingh",,,FALSE,144
357,"Sales and Distribution Division, Trishal","বিক্রয় ও বিতরণ বিভাগ, ত্রিশাল, বিউবো, মময়মনসিংহ","Trishal, Mymensingh",,,FALSE,144
358,"Sales and Distribution Division, Bhaluka","বিক্রয় ও বিতরণ বিভাগ, ভালুকা, বিউবো, মময়মনসিংহ","Bhaluka, Mymensingh",,,FALSE,144
359,"Sales and Distribution Division, Gafargaon","বিক্রয় ও বিতরণ বিভাগ, গফরগাঁও, বিউবো, ময়মনসিংহ","GAFFARGAON,Mymensingh",,,FALSE,144
360,"Sales and Distribution Division, Netrokona","বিক্রয় ও বিতরণ বিভাগ, নেত্রকোণা, বিউবো, নেত্রকোণা",NETROKONA,,,FALSE,145
361,"Sales and Distribution Division, Kishoreganj","বিক্রয় ও বিতরণ বিভাগ, বিউবো, কিশোরগঞ্জ","Rathkhola, Kishoreganj",,,FALSE,145
362,"Sales and Distribution Division, Bajitpur","বিক্রয় ও বিতরণ বিভাগ, বাজিতপুর, বিউবো, কিশোরগঞ্জ","BAJITPUR, Kishoregonj",,,FALSE,145
363,"Sales and Distribution Division, Bhairab","বিক্রয় ও বিতরণ বিভাগ, ভৈরব, বিউবো, কিশোরগঞ্জ","BHAIRAB, Kishoregonj",,,FALSE,145
364,"ESU, Shimul Kandi, Bhairab","শিমুলকান্দি বিদ্যুৎ সরবরাহ, বিউবো, ভৈরব","SHIMULKANDI, Kishoregonj",,,FALSE,145
365,"ESU, Kuliarchar, Bhairab","কুলিয়ারচর বিদ্যুৎ সরবরাহ, বিউবো, ভৈরব","KULIARCHAR, Kishoregonj",,,FALSE,145
366,"Sales and Distribution Division, Sherpur","বিক্রয় ও বিতরণ বিভাগ, বিউবো, শেরপুর",SHERPUR,,,FALSE,145
367,"ESU, Nakhla, Sherpur","নকলা বিদ্যুৎ সরবরাহ, বিউবো, শেরপুর","NAKLA, Sherpur",,,FALSE,145
368,"ESU, Sribordi, Sherpur","শ্রীবর্দী বিদ্যুৎ সরবরাহ, বিউবো, শেরপুর","SREEBORDI, Sherpur",,,FALSE,145
369,"ESU, Nalitabari,Sherpur","নালিতাবাড়ূী বিদ্যুৎ সরবরাহ, বিউবো, শেরপুর","NALITABARI, Sherpur",,,FALSE,145
370,"ESU, Jhinaigati, Sherpur","ঝিনাইগাতী বিদ্যুৎ সরবরাহ, বিউবো, শেরপুর","JHINAIGATI,SHERPUR",,,FALSE,145
371,"O&M Circle, Tangail","পরিচালন ও সংরক্ষণ সার্কেল, বিউবো, টাঙ্গাইল","Bailla, Tangail",,,FALSE,143
372,"Sales and Distribution Division-1, Tangail","বিক্রয় ও বিতরণ বিভাগ-১, বিউবো, টাঙ্গাইল",TANGAIL,,,FALSE,143
373,"Sales and Distribution Division-2, Tangail","বিক্রয় ও বিতরণ বিভাগ-২, বিউবো, টাঙ্গাইল",TANGAIL,,,FALSE,143
374,"Sales and Distribution Division, Sakhipur","বিক্রয় ও বিতরণ বিভাগ, সখিপুর, বিউবো, টাঙ্গাইল","SAKHIPUR, Tangail",,,FALSE,143
375,"Sales and Distribution Division, Bhuapur","বিক্রয় ও বিতরণ বিভাগ, ভূঞাপুর, বিউবো, টাঙ্গাইল","BHUAPUR, Tangail",,,FALSE,143
376,"Sales and Distribution Division, Ghatail","বিক্রয় ও বিতরণ বিভাগ, ঘাটাইল, বিউবো, টাঙ্গাইল","GHATAIL, Tangail",,,FALSE,143
377,"Sales and Distribution Division, Kalihati","বিক্রয় ও বিতরণ বিভাগ, কালিহাতী, বিউবো, টাঙ্গাইল","KALIHATI, Tangail",,,FALSE,143
378,"Sales and Distribution Division, Jamalpur","বিক্রয় ও বিতরণ বিভাগ, বিউবো, জামালপুর",JAMALPUR,,,FALSE,144
379,"Sales and Distribution Division, Sarishabari","বিক্রয় ও বিতরণ বিভাগ, সরিষাবাড়ী, বিউবো, জামালপুর","SARISHABARI, Jamalpur",,,FALSE,144
380,"General Manager, Commercial Operation","মহাব্যবস্থাপক এর দপ্তর, বাণিজ্যিক পরিচালন, বিউবো, ঢাকা","Bidyut Bhaban, 14th flr. 1 No A.Goni . Road, Dhaka",,,FALSE,139
381,"Energy Auditing Unit, Dhaka","এনার্জি অডিটিং ইউনিট, বিউবো, ঢাকা","Bidyut Bhaban, 6th fl. Dhaka",,,FALSE,140
382,"Energy Auditing Unit Division, Dhaka","এনার্জি অডিটিং ইউনিট বিভাগ, বিউবো, ঢাকা","Energy Auditing Unit, Bidyut Bhaban, 6th flr. Dhaka",,,FALSE,139
383,"Energy Auditing Unit Division-1, Chittagong","এনার্জি অডিটিং ইউনিট বিভাগ-১, বিউবো, চট্টগাম","Energy Auditing Unit Division-1, Chittagong",,,FALSE,141
384,"Energy Auditing Unit Division-2, Chittagong","এনার্জি অডিটিং ইউনিট বিভাগ-২, বিউবো, চট্টগাম","Energy Auditing Unit Division-2, Chittagong",,,FALSE,141
385,"Energy Auditing Unit Division-3, Chittagong","এনার্জি অডিটিং ইউনিট বিভাগ-৩, বিউবো, চট্টগাম","Energy Auditing Unit Division-3, Chittagong",,,FALSE,141
386,"Energy Auditing Unit Division, Comilla","এনার্জি অডিটিং ইউনিট বিভাগ, বিউবো, কুমিল্লা","Jangalia, Comilla",,,FALSE,147
387,"Energy Auditing Unit Division, Rajshahi","এনার্জি অডিটিং ইউনিট বিভাগ, বিউবো, রাজশাহী",Rajshahi,,,FALSE,1026
388,"Energy Auditing Unit Division, Rangpur","এনার্জি অডিটিং ইউনিট বিভাগ, বিউবো, রংপুর",Rangpur,,,FALSE,150
389,"Energy Auditing Unit Division, Bogra","এনার্জি অডিটিং ইউনিট বিভাগ, বিউবো, বগুড়া",Bogra,,,FALSE,150
390,"Energy Auditing Unit Division, Mymensing","এনার্জি অডিটিং ইউনিট বিভাগ, বিউবো, ময়মনসিংহ।",Mymensingh,,,FALSE,144
391,"Energy Auditing Unit Division, Sylhet","এনার্জি অডিটিং ইউনিট বিভাগ, বিউবো, সিলেট।",Sylhet,,,FALSE,149
392,"Energy Auditing Unit Division, Khulna","এনার্জি অডিটিং ইউনিট বিভাগ, খুলনা",Khulna,,,FALSE,160
393,"Energy Auditing Unit Division, BPDB, Jessore.","এনার্জি অডিটিং ইউনিট বিভাগ, বিউবো, যশোর।",Jessore,,,FALSE,160
394,"Energy Auditing Unit Division, Barishal","এনার্জি অডিটিং ইউনিট বিভাগ, বিউবো, বরিশাল","PDB, Barisal",,,FALSE,152
395,"Computer Centre, Dhaka","ঢাকা কম্পিউটার কেন্দ্র, বিউবো, ঢাকা","WAPDA Bhaban (4th fl), Motijheel, Dhaka-1000",,,FALSE,140
396,Consumer Affairs,"কঞ্জিউমার এ্যাফেয়ার্স, বিউবো, ঢাকা","Biddyut Bhaban, 5th flr. Dhaka",,,FALSE,139
397,"Chief Engineer, Distribution Project","প্রধান প্রকৌশলীর দপ্তর, বিতরণ প্রকল্প, বিউবো, ঢাকা","Biddyut Bhaban, (6th fl). Dhaka-1000",,,FALSE,139
398,"Energy Auditing Unit-2, BPDB, Dhaka.","এনার্জি অডিটিং ইউনিট বিভাগ-২, বিউবো, ঢাকা। ","Biddyut Bhaban, Dhaka-1000",,,FALSE,139
412,"Office of the Member, Planning and Development","সদস্য (পরিকল্পনা ও উন্নয়ন), বিউবো, ঢাকা","Wapda Bhaban, Motijheel C/A. Dhaka-1000",,,FALSE,140
413,"Chief Engineer, Civil Works","প্রধান প্রকৌশলীর দপ্তর, পূর্তকর্ম, বিউবো, ঢাকা","Biddyut Bhaban, Gr. flr. Dhaka",,,FALSE,140
414,Directorate of Civil Works,"পূর্তকর্ম পরিদপ্তর, বিউবো, ঢাকা","Biddyut Bhaban, 4th flr. Dhaka",,,FALSE,139
415,"Civil Construction Division 1, Dhaka","পূর্ত নির্মাণ বিভাগ-১, বিউবো, ঢাকা","Bidyut Bhaban, 9th flr. Dhaka",,,FALSE,140
416,"Civil Construction Division 2, Dhaka","পূর্ত নির্মাণ বিভাগ-২, বিউবো, ঢাকা","Bidyut Bhaban, 4th flr. 1 No. A. G. Road, Dhaka",,,FALSE,139
417,"Regional Civil Construction Division, Chittagong","আঞ্চলিক পূর্ত নির্মাণ বিভাগ, বিউবো, চট্টগ্রাম","OFFICE OF THE XEN, REGIONAL CIVIL CONSTRUCTION DIVISION, CHITTAGONG",,,FALSE,141
419,"PC Pole Construction Plant, Aricha","পিসি পোল নির্মাণ প্ল্যান্ট, আরিচা","OFFICE OF THE XEN, P. C. POLE CONSTRUCTION PLANT, ARICHA",,,FALSE,139
420,"PC Pole Construction Plant, Chittagong","পিসি পোল নির্মাণ প্ল্যান্ট, বিউবো, চট্টগ্রাম","OFFICE OF THE XEN, P. C. POLE CONSTRUCTION PLANT, CHITTAGONG",,,FALSE,142
421,Directorate of Design & Inspection III,"নক্সা ও পরিদর্শন-৩ পরিদপ্তর, বিউবো, ঢাকা","OFFICE OF THE DIRECTOR, DESIGN & INSPECTION - III, Bidyut Bhaban, 8th flr. Dhaka",,,FALSE,140
422,"Chief Engineer, Services","প্রধান প্রকৌশলী, সার্ভিসেস এর দপ্তর, বিউবো, ঢাকা","Biddyut Bhaban, 3rd flr. Dhaka.",,,FALSE,139
423,Office of System Protection and Testing Commissioning,"সিস্টেম প্রটেকশন অ্যান্ড টেস্টিং কমিশনিং দপ্তর, বিউবো, ঢাকা","Biddyut Bhaban, 11th fl. Dhaka",,,FALSE,140
424,Directorate of Electrical Equipment,"বৈদ্যুতিক সরঞ্জাম পরিদপ্তর, বিউবো, ঢাকা","Bidyut Bhaban, 4th flr. Dhaka",,,FALSE,140
425,"Central Store, Tongi, Gazipur","কেন্দ্রীয় ভান্ডার, বিউবো, টঙ্গী, গাজীপুর।","TONGI, Gazipur",,,FALSE,487
426,"Deputy Director, Stores, Fouzdarhat, Chittagong","কেন্দ্রীয় ভান্ডার, বিউবো, ফৌজদারহাট, চট্টগ্রাম","FOUZDARHAT, CHITTAGONG",,,FALSE,141
427,"Deputy Director, Stores, Khulna","কেন্দ্রীয় ভান্ডার, বিউবো, খুলনা",KHULNA,,,FALSE,160
428,"Deputy Director, Stores, Ishurdi","কেন্দ্রীয় ভান্ডার, বিউবো, ঈশ্বরদী, পাবনা","ISHWARDI,Pabna",,,FALSE,161
429,"Generation Diesel, BPDB, Postagola, Dhaka","জেনারেশন ডিজেল, বিউবো, পোস্তগোলা, ঢাকা","১২০/সি, করিমউল্লারবাগ, শহীদ ম্যানশন (৩য় তলা), পোস্তগোলা, ঢাকা-১২০৪।",,,FALSE,140
430,"Directorate of Clearance & Movement, Chittagong","শুল্কমুক্তি ও স্থানান্তর পরিদপ্তর, বিউবো, চট্টগ্রাম","AGRABAD, CHITTAGONG",,,FALSE,141
431,"Central Equipment Repairing Shop, Tongi","কেন্দ্রীয় সরঞ্জাম মেরামত কারখানা, বিউবো, টঙ্গী, গাজীপুর","TONGI, GAZIPUR",,,FALSE,487
432,"Chief Engineer, Planning and Design","প্রধান প্রকৌশলী, পিএন্ডডি এর দপ্তর, বিউবো, ঢাকা","WAPDA BHABAN, 1ST FLR. DHAKA",,,FALSE,140
433,Directorate of Programme,"কার্যক্রম পরিদপ্তর, বিউবো, ঢাকা","Biddyut Bhaban, 15th fl. Dhaka",,,FALSE,140
434,Directorate of System Planning,"বিদ্যুৎ পরিকল্পনা পরিদপ্তর, বিউবো, ঢাকা","WAPDA BHABAN, 5TH FLR. MOTIJHEEL, DHAKA-1000",,,FALSE,140
435,Directorate of Project Planning,"প্রকল্প পরিকল্পনা পরিদপ্তর, বিউবো, ঢাকা","WAPDA BHABAN, 5TH FLR. MOTIJHEEL, DHAKA-1000",,,FALSE,140
436,Directorate of Design & Inspection I,"নক্সা ও পরিদর্শন-১ পরিদপ্তর, বিউবো, ঢাকা","9/B, MOTIJHEEL, DHAKA",,,FALSE,140
437,Directorate of Design & Inspection II,"নক্সা ও পরিদর্শন-২ পরিদপ্তর, বিউবো, ঢাকা",9 B Motijheel C/A. Dhaka-1000,,,FALSE,140
438,Directorate of Renewable Energy and Research & Development,"নবায়নযোগ্য জ্বালানি এবং গবেষণা ও উন্নয়ন পরিদপ্তর, বিউবো, ঢাকা","Biddyut Bhaban, (15th fl). Dhaka.",,,FALSE,140
439,"Chief Engineer, Power Station Construction","প্রধান প্রকৌশলী, বিদ্যুৎ কেন্দ্র নির্মাণ এর দপ্তর, বিউবো, ঢাকা","Biddyut Bhaban, Dhaka",,,FALSE,139
453,"Bibiyana South, 400 MW Combined Cycle Power Plant","বিবিয়ানা (দক্ষিণ) ৪০০ মেঃওঃ কঃসাঃ বিদ্যুৎ কেন্দ্র, বিউবো, হবিগঞ্জ","BPDB, Habigonj",,,FALSE,636
457,"Office of the Member, Company Affairs","সদস্য (কোম্পানি এ্যাফেয়াস), বাংলাদেশ বিদ্যুৎ উন্নয়ন বোর্ড, ঢাকা","Wapda Building (1st Fl), Motijheel Dhaka-1000",,,FALSE,140
458,"Chief Engineer, Company Affairs","প্রধান প্রকৌশলী, কোম্পানী এ্যাফেয়ার্স এর দপ্তর","Biddyut Bhaban, 1 Abdul Goni Road,Dhaka",,,FALSE,140
459,"Chief Engineer, Private Generation (IPP/PPP)","প্রধান প্রকৌশলী, প্রাইভেট জ্জেনারেশন এর দপ্তর, বিউবো, ঢাকা","Biddyut Bhaban, 1 Abdul Goni Road, Dhaka",,,FALSE,139
460,"IPP Cell 1, BPDB, Dhaka","আইপিপি সেল-১, বিউবো, ঢাকা","Biddyut Bhaban, 1 Abdul Goni Road, Dhaka",,,FALSE,139
461,IPP Cell 2,"আইপিপি সেল-২, বিউবো, ঢাকা","Bidduyt Bhaban, 1 Abdul Goni Road, Dhaka",,,FALSE,139
462,IPP Cell 3,"আইপিপি সেল-৩, বিউবো, ঢাকা","Bidduth Bhaban, 1 Abdul Goni Road, Dhaka",,,FALSE,140
464,"Commercial Operation, Chittagong","বাণিজ্যিক পরিচালন, বিউবো, চট্টগ্রাম","Biddyut Bhaban, Agrabad, Ctittagong",,,FALSE,141
468,"Zonal Repairing Shop, Tongi","আঞ্চলিক মেরামত কারখানা, বিউবো, টঙ্গী, গাজীপুর","Tongi, Gazipur",,,FALSE,487
469,"Deputy Director, Clearance and Movement,Dhaka","শুল্কমুক্তি ও স্থানান্তর, বিউবো, ঢাকা","Dupty Director Clearing & Movement, Dhaka, Bidduth Bhaban",,,FALSE,140
470,"Deputy Director, Clearance and Movement, Chittagong","শুল্কমুক্তি ও স্থানান্তর, বিউবো, চট্টগ্রাম","BPDB, Chittagong",,,FALSE,141
471,"Deputy Director, Clearance and Movement, Khulna","শুল্কমুক্তি ও স্থানান্তর, বিউবো, খুলনা","BPDB, Khulna",,,FALSE,160
474,Siddhirganj Power Station High School,"সিদ্ধিরগঞ্জ বিদ্যুৎ কেন্দ্র উচ্চ বিদ্যালয়, বিউবো, সিদ্ধিরগঞ্জ, নারায়ণগঞ্জ","Siddirgong, Narayangong",,,FALSE,156
486,"Zonal Repairing Shop, Chittagong","আঞ্চলিক মেরামত কারখানা, বিউবো, চট্টগ্রাম","Monsurabad, CTG",,,FALSE,141
487,"RAO, Tongi, Gazipur.","আহিদ, বিউবো, টঙ্গী, গাজীপুর","Tongi 80MW GTPS, BPDB, Tongi, Gazipur.",,,TRUE,487
495,"Manager, Operation,Ghorashal Power Station, Unit 3","ব্যবস্থাপক (পরিচালন) এর দপ্তর, ঘোড়াশাল বিদ্যুৎ কেন্দ্র, ইউনিট-৩, বিউবো, পলাশ, নরসিংদী","Ghorasal, Polas, Narsingdi",,,FALSE,157
496,"Manager, Maintenance,Ghorashal Power Station, Unit 1-2","ব্যবস্থাপক (সংরক্ষণ) এর দপ্তর, ঘোড়াশাল বিদ্যুৎ কেন্দ্র, ইউনিট ১-২, বিউবো, পলাশ, নরসিংদী","Ghorasal, Palash, Narsingdi",,,FALSE,157
497,"Manager, Operation,Ghorashal Power Station, Unit 5-6","ব্যবস্থাপক (পরিচালন) এর দপ্তর, ঘোড়াশাল বিদ্যুৎ কেন্দ্র, ইউনিট ৫-৬, বিউবো, পলাশ, নরসিংদী","Ghorasal, palash, Narsingdi",,,FALSE,157
498,"Manager, Maintenance,Ghorashal Power Station, Unit 5-6","ব্যবস্থাপক (সংরক্ষণ) এর দপ্তর, ঘোড়াশাল বিদ্যুৎ কেন্দ্র, ইউনিট ৫-৬, বিউবো, পলাশ, নরসিংদী","Ghorasal, Palash, Norshingdi",,,FALSE,157
500,"Manager, Operation, Siddhirganj 210 MW Power Station","ব্যবস্থাপক (পরিচালন) এর দপ্তর, সিদ্ধিরগঞ্জ ২১০ মেঃওঃ বিদ্যুৎ কেন্দ্র, বিউবো, সিদ্ধিরগঞ্জ, নারায়ণগঞ্জ","Siddirgong, Narayangong",,,FALSE,156
519,"Sales and Distribution Division, Shakhipur","বিক্রয় ও বিতরণ বিভাগ, সখিপুর, বিউবো, টাঙ্গাইল",Tangail,,,FALSE,145
535,"Manager (Operation) Unit-3, Barapukuria Power Station","ব্যবস্থাপক (পরিচালন) এর দপ্তর, ইউনিট-৩, বড়পুকুরিয়া কয়লাভিত্তিক তাপ বিদ্যুৎ কেন্দ্র, বিউবো, দিনাজপুর","BARAPUKURIA,DINAJPUR",,,FALSE,165
549,"Sales and Distribution Division,Khagrachari","বিক্রয় ও বিতরণ বিভাগ, বিউবো, খাগড়াছড়ি",Chittagong,,,FALSE,141
564,Directorate of Coal Power Generation,"কোল পাওয়ার জেনারেশন পরিদপ্তর, বিউবো, ঢাকা",Dhaka,,,FALSE,139
565,Directorate of SBU,"এসবিইউ পরিদপ্তর, বিউবো, ঢাকা",Dhaka,,,FALSE,139
568,"RAO,Chandpur","আহিদ, বিউবো, চাঁদপুর",Chandpur,,,TRUE,568
569,Shahjibazar 330 MW Combined Cycle Power Plant,"শাহজীবাজার ৩৩০ মেঃ ওঃ কম্বাইন্ড সাইকেল বিদ্যুৎ কেন্দ্র, বিউবো, হবিগঞ্জ",Hobigonj,,,FALSE,158
576,"SCADA, Chittagong","স্ক্যাডা, বিউবো, চট্টগ্রাম",Chittagong,,,FALSE,142
577,Shikalbaha 225 MW Duel Fuel Combined Cycle Power Plant,"শিকলবাহা ২২৫ মেঃওঃ ডুয়েল ফুয়েল কম্বাইন্ড সাইকেল বিদ্যুৎ কেন্দ্র, বিউবো, চট্টগ্রাম",Chittagong,,,FALSE,159
579,"Pre-Paid Metering Project, Comilla-Mymensing Zone, BPDB, Dhaka","প্রি-পেইড মিটারিং প্রকল্প, কুমিল্লা-ময়মনসিংহ জোন, বিউবো, ঢাকা",Comilla,,,FALSE,149
580,Chapainababganj 100 MW HFO Based Power Station,"চাঁপাইনবাবগঞ্জ ১০০ মেঃওঃ এইচ.এফ.ও পাওয়ার প্ল্যান্ট, বিউবো, চাঁপাইনবাবগঞ্জ",Chapainababganj,,,FALSE,1026
582,"Manager, Operation,Ghorashal Power Station, Unit 1-2","ব্যবস্থাপক (পরিচালন) এর দপ্তর, ঘোড়াশাল বিদ্যুৎ কেন্দ্র, ইউনিট ১-২, বিউবো, পলাশ, নরসিংদী",Narshindhi,,,FALSE,157
583,Bhola 225 MW Combined Cycle Power Station,"ভোলা ২২৫ মেঃওঃ কম্বাইন্ড সাইকেল বিদ্যুৎ কেন্দ্র, বিউবো, ভোলা",Bhola,,,FALSE,1027
586,"Manager, Operation,Ghorashal Power Station, Unit 7","ব্যবস্থাপক (পরিচালন) এর দপ্তর, ঘোড়াশাল বিদ্যুৎ কেন্দ্র, ইউনিট-৭, বিউবো, পলাশ, নরসিংদী",Narshindhi,,,FALSE,157
587,Barishal 40 MW GT Power Station,"বরিশাল ৪০ মেঃওঃ গ্যাস টারবাইন বিদ্যুৎ কেন্দ্র, বিউবো, বরিশাল",Barishal,,,FALSE,152
591,"Manager (Maintenance) Unit 1-2, Barapukuria Power Station","ব্যবস্থাপক (সংরক্ষণ), ১-২ ইউনিট, বড়পুকুরিয়া তাপ বিদ্যুৎ কেন্দ্র, বিউবো, দিনাজপুর",DINAJPUR,,,FALSE,165
594,"ESU, Ruma, Bandarban","রুমা বিদ্যুৎ সরবরাহ, বিউবো, বান্দরবান",,,,FALSE,141
595,"ESU, Rowanchari, Bandarban","রোয়াংছড়ি বিদ্যুৎ সরবরাহ, বিউবো, বান্দরবান",,,,FALSE,141
597,"Sales and Distribution Division,  Division-5, Sylhet","বিক্রয় ও বিতরণ বিভাগ-৫, বিউবো, সিলেট",,,,FALSE,149
598,"Sales and Distribution Division 3, Mymensing","বিক্রয় ও বিতরণ বিভাগ-৩, বিউবো, ময়মনসিংহ",,,,FALSE,145
599,"Manager (Operation) Unit 1-2 , Barapukuria Power Plant","ব্যবস্থাপক (পরিচালন), ১-২ ইউনিট, বড়পুকুরিয়া তাপ বিদ্যুৎ কেন্দ্র, বিউবো, দিনাজপুর",Dinajpur,,,FALSE,165
602,"Sales and Distribution Division,  Division-3, Tangail","বিক্রয় ও বিতরণ বিভাগ-৩, বিউবো, টাঙ্গাইল",Tangail,,,FALSE,143
604,"Regional Civil Construction Division, Mymensingh","আঞ্চলিক পূর্ত নির্মাণ বিভাগ, বিউবো, ময়মনসিংহ",,,,FALSE,139
605,"PC Pole Construction Plant, Syedpur","পিসি পোল নির্মাণ প্ল্যান্ট, বিউবো, সৈয়দপুর",,,,FALSE,150
608,ESU Zury (Residential Engineer),"জুড়ী বিদ্যুৎ সরবরাহ, বিউবো, মৌলভীবাজার",,,,FALSE,149
635,"O&M Circle, Jamalpur","পরিচালন ও সংরক্ষণ সার্কেল, বিউবো, জামালপুর।","Bojrapur, Jamalpur",,,FALSE,144
636,"RAO, Bibiyana Power Station, Habiganj","আহিদ, বিবিয়ানা বিদ্যুৎ কেন্দ্র, বিউবো, হবিগঞ্জ","Parkul, Nabiganj, Habiganj",,,TRUE,636
734,"Sales and Distribution Division, Sholoshahar","বিক্রয় ও বিতরণ বিভাগ, ষোলোশহর, বিউবো, চট্টগ্রাম",,,,FALSE,142
742,"Executive Engineer, 50 MW Siddhirganj Power Station","সিদ্ধিরগঞ্জ ৫০ মেঃওঃ তাপ বিদ্যুৎ কেন্দ্র, বিউবো, সিদ্ধিরগঞ্জ, নারায়ণগঞ্জ",,,,FALSE,156
743,Siddhirganj 210 MW Power Station Contruction Prooject,সিদ্ধিরগঞ্জ ২১০ মেঃওঃ বিদ্যুৎ কেন্দ্র নির্মাণ প্রকল্প,,,,FALSE,156
744,Syedpur Diesel Power Station,"সৈয়দপুর ডিজেল বিদ্যুৎ কেন্দ্র, বিউবো, সৈয়দপুর",,,,FALSE,150
779,Khulna 330 MW Combined Cycle Power Station,"খুলনা ৩৩০ মেঃওঃ কম্বাইন্ড সাইকেল বিদ্যুৎ কেন্দ্র, বিউবো, খুলনা",Khulna.,,,FALSE,162
781,Shahjibazar 100 MW GT Power Station,"শাহজীবাজার ১০০ মেঃ ওঃ গ্যাস টারবাইন বিদ্যুৎ কেন্দ্র , বিউবো, হবিগঞ্জ","Shahjibazar, Habigonj",,,FALSE,158
782,"Manager (Operation) Unit 3-4, Ghorashal Power Station","ব্যবস্থাপক (পরিচালন) এর দপ্তর, ৩-৪ ইউনিট, ঘোড়াশাল বিদ্যুৎ কেন্দ্র, বিউবো, পলাশ, নরসিংদী",,,,FALSE,157
988,Superintending Engineer - Rangamati,"পরিচালন ও সংরক্ষণ সার্কেল, বিউবো, রাঙ্গামাটি",,,,FALSE,141
989,"Office of the Manager (Maintenance) 210 MW, Rowzan, Chattagram","ব্যবস্থাপক (সংরক্ষণ) এর দপ্তর, রাউজান ২১০ মেঃওঃ বিদ্যুৎ কেন্দ্র, বিউবো, চট্টগ্রাম",,,,FALSE,154
996,"Sales and Distribution Division,  Division-2, Brahmanbaria","বিক্রয় ও বিতরণ বিভাগ-২, বিউবো, ব্রাহ্মণবাড়িয়া",,,,FALSE,147
999,"Directorate of Pre-Paid Metering System, Dhaka","প্রি-পেইড মিটারিং সিস্টেম পরিদপ্তর, বিউবো, ঢাকা",Dhaka,,,FALSE,139
1001,IVVR Phase III,"আইভিভিআর প্রকল্প, ফেজ-৩","Biddut Bhaban, 7th Floor, Dhaka",,,TRUE,1001
1002,IVVR Project Phase II,"আইভিভিআর প্রকল্প, দ্বিতীয় পর্যায়",,,,FALSE,1001
1003,"Chief Engineer, Siddhirganj 210 MW Power Station","সিদ্ধিরগঞ্জ ২১০ মেঃওঃ  বিদ্যুৎ কেন্দ্র, বিউবো, সিদ্ধিরগঞ্জ, নারায়ণগঞ্জ",,,,FALSE,156
1004,"Manager, Maintenance, Siddhirganj 210 MW Power Station","সিদ্ধিরগঞ্জ ২১০ মেঃওঃ  বিদ্যুৎ কেন্দ্র, বিউবো, সিদ্ধিরগঞ্জ, নারায়ণগঞ্জ",,,,FALSE,156
1006,"Manager, Maintenance,Ghorashal Power Station, Unit 3","ঘোড়াশাল বিদ্যুৎ কেন্দ্র, বিউবো, পলাশ, নরসিংদী",,,,FALSE,157
1008,"Manager (Maintenance) Unit-3, Barapukuria Power Station","ব্যবস্থাপক (সংরক্ষণ) ইউনিট-৩, বড়পুকুরিয়া বিদ্যুৎ কেন্দ্র, বিউবো, দিনাজপুর","Barapukuria, Parbatipur, Dinajpur",,,FALSE,165
1009,"Office of Manager (Operation), 4th Unit Repowered CCPP, Ghorashal Power Station","ব্যবস্থাপক (পরিচালন), ঘোড়াশাল ৪র্থ রিপাওয়ার্ড সিসিপিপি বিদ্যুৎ কেন্দ্র, বিউবো, পলাশ, নরসিংদী",,,,FALSE,157
1010,"ESU, Panchari, Khagrachari","পানছড়ি বিদ্যুৎ সরবরাহ, বিউবো, খাগড়াছড়ি",,,,FALSE,141
1011,Rangpur 20 MW GT Power Station,"রংপুর ২০ মেঃওঃ গ্যাস টারবাইন বিদ্যুৎ কেন্দ্র, বিউবো, রংপুর",,,,FALSE,150
1012,"O&M Circle, Cox's Bazar","পরিচালন ও সংরক্ষণ সার্কেল, বিউবো, কক্সবাজার।",,,,FALSE,141
1013,Kutubdia 1000KW Wind Battery Hybrid Power Plant,কুতুবদিয়া ১০০০ কিঃওঃ উইন্ড ব্যাটারি হাইব্রিড পাওয়ার প্ল্যান্ট,,,,FALSE,141
1015,"Office of Manager (Maintenance), 4th Unit Repowered CCPP, Ghorashal Power Station","ব্যবস্থাপক (সংরক্ষণ)-এর দপ্তর, ঘোড়াশাল ৪র্থ রিপাওয়ার্ড সিসিপিপি বিদ্যুৎ কেন্দ্র",,,,FALSE,157
1016,"Manager, Maintenance,Ghorashal Power Station, Unit 7","ব্যবস্থাপক (সংরক্ষণ), ঘোড়াশাল ৭ম ইউনিট বিদ্যুৎ কেন্দ্র, বিউবো, পলাশ, নরসিংদী",,,,FALSE,157
1017,"Computer Billing Centre, Sylhet","কম্পিউটার বিলিং সেন্টার, বিউবো, সিলেট",,,,FALSE,149
1018,"Computer Billing Centre, Moulavibazar","কম্পিউটার বিলিং সেন্টার, বিউবো, মৌলভীবাজার",,,,FALSE,149
1019,"ESU, Thanchi, Bandarban","থানচি বিদ্যুৎ সরবরাহ, বিউবো, বান্দরবান",,,,FALSE,141
1024,Chief Medical Office,"প্রধান চিকিৎসা কর্মকর্তার দপ্তর, বিউবো, ঢাকা",,,,FALSE,140
1026,"RAO, Katakhali, Rajshahi","আহিদ, কাটাখালী, বিউবো, রাজশাহী",,,,TRUE,1026
1027,"RAO, Bhola Power Station","আাহিদ, ভোলা বিদ্যুৎ কেন্দ্র, বিউবো, ভোলা",,,,TRUE,1027
1030,Bibiyana 3 400 MW Combined Cycle Power Plant,"বিবিয়ানা (৩) ৪০০ মেঃওঃ কঃসাঃ বিদ্যুৎ কেন্দ্র, বিউবো, হবিগঞ্জ",,,,FALSE,636
1034,"Sales and Distribution Division, Muradpur.",,,,,FALSE,145
